user_id,full_name,email,signup_date,region
1,Steven Webb,harveyluis@yahoo.com,9/21/2023,Asia
2,Steven Patel,ashley07@evans.com,9/10/2024,North America
3,Christina Clarke,maria47@hotmail.com,6/6/2024,South America
4,Robert Donovan,youngtaylor@gmail.com,1/20/2025,Asia
5,Nina Jenkins,jeffreyshea@yahoo.com,9/18/2024,North America
6,Ronald Cummings,clinton30@hotmail.com,8/23/2023,Africa
7,Nathan Walter,ywilkins@cross.net,4/9/2024,South America
8,Suzanne Boone,colemanjessica@hotmail.com,3/19/2024,North America
9,Melanie Ramos,piercekimberly@yahoo.com,4/19/2025,Africa
10,Michael Greer,vreilly@hotmail.com,6/20/2023,South America
11,Amanda Dixon,msmith@gmail.com,3/27/2025,Europe
12,Kristine Richardson,aguirretheresa@bradley.org,2/26/2024,South America
13,Ashley Juarez,walshchristine@graham-huang.com,7/8/2023,North America
14,Michael Harvey,dfields@gmail.com,1/6/2024,South America
15,Henry Roach,chorn@gmail.com,2/29/2024,Europe
16,Tyler Riley,charleswhite@yahoo.com,3/12/2024,Asia
17,Thomas Porter,washingtonlisa@braun.com,3/30/2025,Africa
18,John Roberts,joseph98@scott.com,4/24/2024,Asia
19,Kara Carson,xnewton@hotmail.com,8/17/2023,Africa
20,Mark Jimenez,sarahboone@jones.com,4/28/2023,Europe
21,Carrie Carroll,thomaselaine@gmail.com,4/25/2023,Asia
22,Edward Lowe,newmanmichael@taylor.com,4/3/2024,Asia
23,Rebecca Rowe,kellyjames@gmail.com,3/20/2025,Europe
24,Jeffrey Rush,lbridges@hotmail.com,1/31/2025,North America
25,Jennifer Morales,montesmatthew@gmail.com,5/21/2023,Asia
26,Tiffany Cunningham,heather54@hotmail.com,2/4/2024,Asia
27,Alexis Webb,rodriguezjuan@yahoo.com,7/17/2023,Europe
28,Laura Brooks,michaelhall@yahoo.com,8/22/2023,Asia
29,Brian Drake,christina63@hotmail.com,7/30/2024,Asia
30,Andrew Rice,ostanton@white-mooney.com,5/9/2024,South America
31,Jean Jacobs,cserrano@hughes.biz,3/7/2025,Europe
32,Leslie Medina,hamptonmatthew@rodriguez.biz,12/24/2023,Asia
33,Jessica Daniels,qlopez@campbell.com,4/26/2024,North America
34,Mitchell Myers,kyle21@gmail.com,6/11/2024,South America
35,John Williamson,nrollins@hotmail.com,1/14/2024,North America
36,Paul Hernandez,wcarroll@gmail.com,3/1/2024,North America
37,Larry Conrad,yjohnson@yahoo.com,7/6/2024,Europe
38,Andre Johnson,annette61@schroeder.info,8/28/2023,South America
39,April Parsons,emilyortega@diaz-gilbert.com,11/9/2023,North America
40,William Shaw,xmason@hotmail.com,5/10/2024,South America
41,James Cole,hmartinez@yahoo.com,5/3/2023,Asia
42,Michelle Chen MD,wilsonsteven@gmail.com,3/5/2024,South America
43,Michael Miranda,melissaholden@hotmail.com,8/9/2024,Asia
44,Cassandra Russo,schneideralison@hotmail.com,6/1/2024,Africa
45,Aaron Burnett,gnguyen@brown-lutz.net,10/30/2024,Europe
46,Scott Ortega,perryjessica@hotmail.com,2/25/2024,Europe
47,Kathryn Wallace,andrea30@mccormick.biz,12/26/2023,South America
48,Leon Duran,wrightryan@lopez.info,2/22/2024,Europe
49,Anna Rivera,squinn@sosa-franklin.com,1/9/2024,Europe
50,Robin Moreno,mercedescherry@gonzales.com,7/18/2023,Asia
51,Erin Stone,timothywarner@peterson-pollard.net,4/14/2025,Europe
52,Timothy Campbell,shannon11@bell.biz,6/18/2024,Asia
53,Carol Mcintosh,angie18@johnson-landry.biz,1/16/2025,Asia
54,Molly Chaney,diazdavid@gmail.com,1/29/2025,North America
55,Jason Morris,sarawalls@yahoo.com,6/21/2023,Europe
56,David Hudson,rperez@shannon.com,8/15/2024,Asia
57,Jennifer Landry,benjaminperez@hotmail.com,6/1/2024,Africa
58,Steven Garcia,swilliams@hotmail.com,1/8/2025,Europe
59,Kristen Townsend,jane73@yahoo.com,11/15/2023,Asia
60,Jennifer Holmes,robertsonmaurice@alvarez.com,11/8/2024,North America
61,Brooke Ross,angelaprice@hotmail.com,3/9/2025,Asia
62,Amanda Suarez,amanda58@reynolds.biz,4/21/2025,Europe
63,Kristy Smith,nwheeler@wilson.com,9/25/2024,South America
64,Michelle Taylor DDS,jonesmaxwell@johnson-vega.biz,10/30/2023,North America
65,Mackenzie Grimes,danielpaul@hicks-edwards.org,9/3/2024,Asia
66,Spencer Wang,bradley97@orozco.org,8/23/2023,Europe
67,Alyssa Robinson,sean33@hotmail.com,12/13/2023,Europe
68,Robert Guerrero,omedina@hotmail.com,10/4/2024,North America
69,Pamela Clark MD,wilcoxdalton@gmail.com,10/31/2023,Africa
70,April Walker,zamorajaime@anderson-olson.com,12/9/2023,North America
71,Marvin White,ellisjacob@thomas.com,11/11/2023,North America
72,Miguel Glenn,emartinez@barr.com,9/8/2023,North America
73,George James,judith99@andrews-young.com,1/12/2024,Asia
74,Bobby Mann,garrett12@campbell.net,11/22/2023,Asia
75,April Torres,reyesbrian@parks-cannon.net,4/22/2024,South America
76,John Adams,joel21@gmail.com,10/26/2024,Europe
77,Sherri Hurley,lisa84@gmail.com,7/1/2024,South America
78,Benjamin Patel,linda03@gmail.com,6/13/2023,South America
79,Amy Evans,kevin31@hotmail.com,9/28/2024,South America
80,Anna Moore,balvarado@pugh.com,3/26/2024,North America
81,Denise Brown,mfriedman@fowler.com,7/13/2023,North America
82,Lawrence Calderon,adam38@yang-freeman.com,4/17/2024,South America
83,Allison Alexander,brenda09@wilson-snyder.com,10/31/2023,Europe
84,Katherine Mcmahon,rfaulkner@simmons.net,4/9/2025,South America
85,Timothy Arias,james85@mclaughlin.com,4/14/2024,Asia
86,William Martinez,troy96@gmail.com,11/12/2024,Europe
87,Daniel Martin,markweeks@yahoo.com,6/29/2024,North America
88,Calvin Lopez,audrey41@bryant-adams.org,1/5/2024,Asia
89,Troy Cook,nathan48@gmail.com,12/15/2024,Europe
90,Jessica Wilson,nicolepope@phillips.com,8/21/2024,Africa
91,Maxwell Kennedy,vhall@yahoo.com,1/19/2024,Europe
92,Danielle Hunter,dhickman@foster.org,10/22/2024,Europe
93,Jessica Edwards,kathryn62@burnett-carlson.com,9/11/2023,North America
94,Denise Gonzalez,cory19@gmail.com,2/1/2025,South America
95,Daniel Reeves,jacquelinewheeler@gmail.com,11/16/2024,North America
96,Jonathan Short,daviskendra@hotmail.com,8/22/2024,North America
97,Candace Yates,sabrinasimmons@martin.com,7/16/2024,North America
98,Kirsten Moss,jennifertorres@gutierrez-robertson.com,2/1/2025,Africa
99,Gary Myers,olsonjustin@hotmail.com,6/29/2024,Asia
100,Robert Miller,dfoster@hamilton.com,6/14/2023,South America
101,Susan Jackson,esanchez@washington.com,1/3/2025,North America
102,Marissa Morris,osmith@hotmail.com,10/5/2023,South America
103,Jessica Nelson,jkelly@mcguire-nash.net,5/30/2023,Asia
104,Dawn Wheeler,blackkenneth@lawrence-gilmore.com,10/15/2024,North America
105,Manuel Ross,crystal90@hotmail.com,10/26/2023,South America
106,Tracy Thompson,steve87@yahoo.com,1/29/2024,Europe
107,Tasha Schmitt,jose68@zavala.com,4/27/2024,Africa
108,Earl Wolf,youngchase@yahoo.com,3/25/2025,South America
109,Howard Watson,aabbott@yahoo.com,2/4/2024,Africa
110,Alex Mullins,erinfisher@yahoo.com,6/22/2023,Asia
111,Jamie Vazquez,carrie89@mendez.info,2/7/2024,Europe
112,Andrew Smith,gibbsherbert@hotmail.com,8/14/2024,Asia
113,Katherine Wall,gregoryeverett@gmail.com,4/4/2025,Africa
114,Kelly Patrick,howellkristina@hernandez.info,7/30/2023,South America
115,Morgan Thompson,shawnbrowning@yahoo.com,12/12/2024,South America
116,Daniel Thompson,wboyd@martinez-jackson.com,3/2/2024,Africa
117,Stephen Williams,flemingaaron@yahoo.com,4/1/2024,North America
118,Faith Davis,ncummings@yahoo.com,9/24/2024,Europe
119,Jennifer Levine,sherylhernandez@gmail.com,10/21/2024,Africa
120,Eric Johnson,mary32@smith.com,2/24/2025,South America
121,Stephanie Mccarthy,fjohnson@parsons.net,8/28/2023,Asia
122,Meghan Goodwin,johnfinley@yahoo.com,11/30/2023,Asia
123,Andrea Garrett,danielwilliams@spence.org,8/13/2023,Europe
124,Joshua Herrera,justin23@sosa.com,7/1/2023,South America
125,Ryan Adams,michael87@sanders-brown.org,8/13/2024,Europe
126,Jessica Barker,jasonrush@yahoo.com,6/13/2024,Africa
127,Melissa Phillips,madeline38@welch.com,4/12/2024,Europe
128,Anthony Harrell,welchlaurie@henry-arnold.net,11/17/2023,North America
129,Eric Marks,nicolewillis@gmail.com,8/31/2023,Europe
130,Gail Hughes,williamalvarez@jones.net,12/12/2023,Asia
131,Brittany Morgan,elizabethcarpenter@yahoo.com,8/10/2023,North America
132,Roger Hernandez,rmeyer@patterson.com,5/25/2024,North America
133,Sherry Lee,williamstina@yahoo.com,7/17/2023,Asia
134,Jocelyn Lawson,oconnorbenjamin@hotmail.com,1/12/2025,Europe
135,Nicole Wood,martinezmatthew@gould.com,1/4/2025,Europe
136,Renee Dawson,dcochran@cole.org,10/14/2023,Asia
137,Mark Rodgers,zperkins@hotmail.com,11/3/2023,South America
138,Katrina Petersen,blackjames@pitts.biz,5/5/2023,Europe
139,Michael Anderson,greenjoseph@hotmail.com,8/14/2023,South America
140,Amanda Miller,kristie73@gonzalez.com,5/12/2024,South America
141,Adam Moody,anthony30@duran.org,6/4/2024,Asia
142,Samantha Ferguson,tgarner@howard.net,9/21/2023,Asia
143,Julie Stuart,clarkalyssa@elliott-patterson.org,9/8/2023,Asia
144,Michelle Mann,ashley20@duffy-fry.com,12/22/2024,Europe
145,Victoria Mata,michaelbarrett@cruz-stanley.com,11/6/2024,Europe
146,Dana Armstrong,robert00@hotmail.com,8/9/2024,Asia
147,Jennifer Willis,reneebartlett@weber.com,6/29/2023,North America
148,Brooke Williams,daviselizabeth@cherry.biz,9/4/2023,Europe
149,Melanie Rodriguez,barbarahendrix@cooper.com,5/1/2024,North America
150,Tina Levy,ravery@gmail.com,9/11/2023,North America
151,Erin Robinson PhD,millsjohn@hotmail.com,10/5/2023,South America
152,Michelle Silva,mariawashington@jimenez.com,1/12/2024,South America
153,Patrick Frank,christina55@hotmail.com,12/7/2023,Asia
154,Wendy Osborn,drosario@gmail.com,9/8/2024,Asia
155,Johnny Christian,michaeldiaz@phillips.com,1/16/2024,Africa
156,Taylor Anderson,mckeesarah@yahoo.com,5/28/2024,Asia
157,Morgan Lopez,yvonne39@yahoo.com,11/22/2023,South America
158,Penny Boyd,drakeamber@gmail.com,9/2/2023,South America
159,Pamela Newman,sandrareese@gmail.com,4/26/2023,South America
160,Michael Bradshaw,hudsonchristopher@yahoo.com,10/16/2023,South America
161,Robert Castillo,darryl01@gmail.com,7/19/2023,South America
162,Morgan King,lisa34@sanchez-ray.com,12/22/2024,South America
163,Curtis Brown,kimberlypage@moss.com,6/12/2023,Europe
164,Darryl Bryant,duncanfrederick@ferguson.com,7/18/2024,Asia
165,Billy Maddox,sullivandaisy@gmail.com,3/11/2024,South America
166,Alexis Foley,skinnerwilliam@owens.com,11/17/2023,South America
167,Christina Craig,alicia85@lewis-bailey.com,7/27/2023,Asia
168,Wendy Palmer,leecasey@gmail.com,3/16/2024,North America
169,Ryan White,jeffrey03@medina.com,2/11/2025,Africa
170,Carol Lopez,xspencer@jordan-davis.info,2/2/2024,North America
171,Benjamin Meyers,licarrie@king-sawyer.net,1/27/2024,North America
172,Brandon Anderson MD,dcoleman@hayes.biz,11/11/2023,Africa
173,Mary Jackson,nguyengary@gmail.com,6/17/2023,Africa
174,Chelsea Parrish,mejiabrian@yahoo.com,2/14/2024,Africa
175,Karen Kelley,theresa16@yahoo.com,10/23/2023,Asia
176,Joseph Smith,ukirk@yahoo.com,11/7/2023,Africa
177,Monica Nelson,smatthews@hotmail.com,11/26/2024,Europe
178,Melissa Malone,kaylee15@mendoza.org,10/23/2024,South America
179,Brittany Edwards,amaldonado@yahoo.com,2/26/2024,Africa
180,Kimberly Berry,kristenbanks@yahoo.com,1/16/2024,North America
181,Cheryl Salazar,shannon05@wright-vazquez.com,9/25/2024,Europe
182,Jill Jones,briandalton@pena-goodwin.com,11/28/2024,North America
183,Thomas Myers,ihiggins@ellis-simmons.net,2/3/2024,Africa
184,Amanda Powell,john28@anderson.org,9/5/2024,Asia
185,Stacy Spencer,marksimmons@yahoo.com,10/26/2024,Asia
186,Donna Bell,michaelcastro@gmail.com,1/14/2024,North America
187,Scott Wallace,cindywashington@gonzalez.com,5/15/2023,Asia
188,Kirsten Walker,santoslarry@rush-harmon.net,6/27/2023,South America
189,Oscar Ramirez,diane00@hotmail.com,3/14/2025,North America
190,Glenn Williams,kathleen39@yahoo.com,8/17/2023,North America
191,Alexandra Pena,daniellewashington@yahoo.com,6/23/2023,Africa
192,Kyle Cain,manueljohnson@joseph.net,11/22/2023,Africa
193,Sara Davis,hmanning@farmer-ellis.com,2/22/2024,Europe
194,Dr. Alice Wallace,laurenchambers@gmail.com,2/2/2025,South America
195,Jared Gonzales,william39@gmail.com,2/14/2024,South America
196,Steven Odonnell,owilliams@hotmail.com,9/22/2024,Asia
197,Craig Monroe,joy48@hotmail.com,3/29/2024,Europe
198,Samuel Charles,elainekim@todd.biz,8/13/2023,Asia
199,Paul Lewis,ecole@yahoo.com,6/15/2023,Asia
200,Hannah Nichols,jasonglenn@yahoo.com,1/16/2025,Europe
201,Joseph Lewis,meadowschad@yahoo.com,7/14/2023,Europe
202,Erika Smith,robert15@hotmail.com,12/22/2024,Europe
203,Gina Cochran,vmorrow@hotmail.com,1/10/2025,Africa
204,Brian Norton,burnettzachary@miller.com,1/9/2024,Africa
205,Gabriel Martinez,pmacias@gmail.com,5/4/2023,Europe
206,Elizabeth Spencer,adodson@garrison.biz,4/5/2025,North America
207,David King,batesmary@hotmail.com,3/1/2024,Asia
208,Amanda Scott,gabrielhall@parker.com,9/29/2023,South America
209,Sean Barnes,sandraking@roach.com,10/7/2023,Asia
210,Deborah Hanson,wmiller@brown.com,2/18/2025,Africa
211,Norma Richardson,stephenlindsey@macias.org,7/6/2023,North America
212,Kristie Phillips,bryan46@mooney-ortega.com,3/4/2024,North America
213,Stephanie Curtis,chart@yahoo.com,12/11/2023,Africa
214,Robert Ford,meyerdillon@stein.info,1/23/2024,Europe
215,Caitlin Garrett,dustingonzalez@davis-pena.com,2/27/2025,Europe
216,Angela Hunt,nclark@yahoo.com,2/1/2025,Africa
217,Ariana Bell,emilypadilla@hotmail.com,2/28/2025,Asia
218,Karen Castillo,brodriguez@gmail.com,4/26/2024,South America
219,Kayla Robinson,fjohnston@hoffman.com,12/20/2023,Asia
220,Sharon Young,adodson@mcfarland-gonzalez.com,9/27/2024,South America
221,Steven Payne,jessica23@hotmail.com,12/5/2023,North America
222,John Pope,bschroeder@hotmail.com,8/19/2023,South America
223,Robert Martin,gonzaleznicole@gmail.com,4/7/2024,Europe
224,Janet Bishop,mthomas@cox.net,7/7/2023,Europe
225,Melinda Lynch,joycurry@yahoo.com,1/10/2025,Europe
226,Jennifer Riddle,patricialang@yahoo.com,12/28/2024,North America
227,Emily Parker,wperez@smith.biz,9/11/2024,Europe
228,Ronald Matthews,mfields@yahoo.com,8/9/2023,South America
229,Timothy Smith,heidi90@long.com,10/31/2024,South America
230,Alexis Owens,benjamin30@hotmail.com,5/23/2023,South America
231,Samantha Martin,melissa29@riley-medina.biz,7/28/2023,Asia
232,Douglas Young DVM,tiffany62@jenkins.com,10/15/2023,Asia
233,Richard Jackson,martinmichael@phillips.com,6/13/2023,Europe
234,Lee Lynch,stephanie12@yahoo.com,2/3/2025,North America
235,Robert Hopkins,stevenbarnes@sampson.com,4/16/2024,Europe
236,Edwin Taylor,heather81@montoya.com,3/20/2025,Africa
237,Gabriel Curtis,qfisher@holmes.com,7/28/2024,Asia
238,Brian Morales,aaronshields@yahoo.com,2/2/2024,Europe
239,Jessica Owens,robertsoncynthia@robles-nelson.net,7/12/2023,Africa
240,Trevor Wheeler,andrewhopkins@hotmail.com,1/7/2024,Europe
241,Andrea Zamora,qburnett@gmail.com,12/23/2024,Africa
242,Laurie Washington,grimesjade@yahoo.com,3/16/2024,Africa
243,Christina Barrera,ronald25@yahoo.com,3/5/2025,Africa
244,Tony Collins,candice40@yahoo.com,10/19/2024,Asia
245,Tamara Dawson,debra56@sims-salazar.biz,10/5/2023,Africa
246,Amber Ellis,ahale@weber.com,10/28/2024,North America
247,Brandon Boyd,julianelson@reilly.org,9/15/2024,Africa
248,Maria Morales,millerlarry@bowman.com,2/13/2024,North America
249,Shannon Wilson,audrey44@clark-rodgers.com,3/10/2024,Asia
250,William Taylor,pateljoel@parker-evans.com,8/7/2024,South America
251,Katherine Wong,nortonpaul@yahoo.com,11/20/2024,Europe
252,Megan Russell,owalker@yahoo.com,8/1/2024,Asia
253,Monica Martin,samuelrichards@fisher.org,5/22/2024,Asia
254,David Brennan,heather87@green-perez.org,11/29/2023,Europe
255,Cheryl Carter,zgreen@welch-santos.com,7/14/2023,Africa
256,John Myers,simondarrell@gmail.com,12/27/2024,Europe
257,Joseph Fuentes,shelley64@hall-russell.com,10/26/2024,South America
258,Ryan Adams,michael12@hotmail.com,2/16/2024,Asia
259,Michael Lopez,jennifer29@page.com,8/27/2023,North America
260,Lori Church,caseykaren@yahoo.com,10/28/2023,Africa
261,Ryan Sullivan,lgarza@gmail.com,6/29/2024,North America
262,Mary Petty,kellymorrow@hotmail.com,12/19/2023,Europe
263,Alyssa Johnson,esparzajoshua@hotmail.com,8/21/2023,Europe
264,Tyler Smith,amandahernandez@peters.com,10/11/2024,Europe
265,Todd Walker,andrewmorgan@yahoo.com,4/28/2024,Asia
266,Joseph Bryant,marc77@gmail.com,2/12/2024,Africa
267,Desiree Roberson,brittany76@hotmail.com,3/31/2025,North America
268,Courtney Davis,clairerodriguez@williams-marks.com,10/27/2023,Europe
269,Daniel Simon,tpierce@anderson.info,11/10/2023,South America
270,Penny Griffith,ksmith@gmail.com,4/10/2025,South America
271,Joshua Martinez,hdavis@yahoo.com,7/22/2023,South America
272,Brandy Robertson DVM,blairjames@munoz.info,2/18/2025,Asia
273,Lisa Jackson,michelle17@hotmail.com,12/7/2024,North America
274,Shannon Maddox,jeremy14@yahoo.com,5/8/2024,North America
275,Michelle Morse,joshuadodson@welch-barrett.com,8/15/2023,North America
276,Anthony Moore,jenny71@stone-boyle.com,5/21/2023,Europe
277,Stephen Hall,patrickwilson@lewis-powell.org,7/18/2024,North America
278,Erika Cohen,wilsonzachary@rivera.com,10/9/2023,Europe
279,Melissa Wall,carl64@yahoo.com,8/22/2023,Africa
280,Shannon Ramirez,qcurry@gmail.com,1/9/2024,Europe
281,Adam Gentry,jason22@moore.net,12/4/2024,North America
282,Kimberly Jackson,christine23@hotmail.com,1/13/2025,Asia
283,Jackie Wright,mitchellmccoy@yahoo.com,12/4/2024,Asia
284,Benjamin Moss,perezdennis@yahoo.com,11/10/2024,South America
285,Aaron Hansen,jason04@kelley.com,12/28/2024,Asia
286,Brandy Brady,adam94@hotmail.com,5/23/2023,North America
287,Michael Salas,lawrencesherri@valenzuela-hawkins.com,2/17/2024,Africa
288,Jessica Cook,ehenry@yahoo.com,7/26/2024,Asia
289,Mary Bell,theresarogers@yahoo.com,5/29/2024,South America
290,Susan Miller,malvarez@gmail.com,5/12/2024,Europe
291,Danielle Foster,nicolegarza@gonzales.info,6/7/2023,Europe
292,Dr. William Lane,briangonzales@yahoo.com,10/1/2023,South America
293,Donna Thomas,jasminerodriguez@powers.com,5/26/2023,Africa
294,Michelle Johnson,myerskatelyn@yahoo.com,8/18/2024,North America
295,Kimberly Prince,afisher@parker.com,9/24/2024,Asia
296,Diamond Leon,james74@yahoo.com,6/27/2023,South America
297,Rachel Stout,durhamlaurie@martin.com,1/2/2025,South America
298,Charles Lee,patrick89@gmail.com,4/21/2025,Asia
299,Richard Martinez,bergerpaul@hotmail.com,6/24/2023,South America
300,Aaron Norman,donna64@hotmail.com,8/25/2024,Europe
301,Ronald Ortiz,princeeric@snyder.com,1/3/2025,North America
302,Angel Manning,xperry@cain.biz,9/21/2023,Asia
303,Adam Stevens,michellejones@gmail.com,4/8/2024,North America
304,Rhonda Lucas,ejohnson@turner.com,12/7/2024,Asia
305,Troy Cooper,heidistevens@gmail.com,3/2/2024,Europe
306,Cindy Olsen,gregory76@hotmail.com,6/30/2024,North America
307,Robin George,scottshawn@hotmail.com,4/2/2024,Asia
308,Brianna Barnes,andersonshawn@benitez.org,10/5/2024,North America
309,James Miller,thomasjoshua@jones-jones.org,3/7/2025,North America
310,James Kline,matthewkelley@yahoo.com,3/16/2025,Asia
311,Molly Tucker,rebekah17@miller.com,12/28/2024,Africa
312,Ryan Rosales,stefanie86@howard.org,3/20/2024,Africa
313,Victor Tate,stephanie55@hotmail.com,2/13/2025,Africa
314,Alyssa Mathis,heatherschultz@yahoo.com,10/1/2024,North America
315,Jorge Zamora,hancockchristian@mitchell.net,10/23/2024,Africa
316,Helen Keller,erikcruz@yahoo.com,2/4/2025,Europe
317,Matthew Burton,leslie38@hotmail.com,7/30/2023,North America
318,Angela Williams,kimberlyholloway@hotmail.com,1/2/2024,South America
319,Linda James,harrissarah@yahoo.com,12/2/2023,South America
320,Donald White,eric87@hotmail.com,10/14/2024,North America
321,Erin Trevino,jenningschristopher@jones-schmitt.com,10/12/2023,Europe
322,Anthony Leonard,christopher62@hoffman.info,10/15/2024,Asia
323,Emily Boyd,chelseawagner@jackson-allison.com,10/27/2024,South America
324,Bruce Jackson,carlsonjerome@yahoo.com,5/7/2023,Asia
325,Paul Bell,gerald55@hotmail.com,8/2/2024,Asia
326,Brandon Cummings,daniel96@gmail.com,2/2/2024,North America
327,Cory Perry,garciaalfred@gmail.com,1/12/2024,Africa
328,Joseph Hudson,francisco53@hotmail.com,7/5/2023,Asia
329,Matthew Garcia,tracy03@hotmail.com,6/22/2023,Asia
330,Donna Gutierrez,gwilliams@yahoo.com,2/11/2024,South America
331,Philip Romero,martinezvirginia@hill-day.com,4/13/2024,South America
332,Garrett Hickman,matthewjohnson@hotmail.com,12/20/2024,Asia
333,Donald Castillo,benjamin40@mcclain.com,10/8/2023,Asia
334,Cindy Baker,cindy24@hotmail.com,2/19/2025,South America
335,Jessica Green,brenda21@yahoo.com,11/25/2023,South America
336,Daniel Lopez,kimberlyhunter@yahoo.com,4/9/2024,South America
337,Kelly Barnett,duncanclayton@gmail.com,4/23/2024,South America
338,Alexis Gray,ykent@hotmail.com,2/2/2025,Asia
339,Angie Lloyd,barronjeremy@wood-soto.biz,3/28/2024,North America
340,Noah Collins,rodriguezpatrick@clark.com,11/25/2024,Asia
341,Jeffrey Rhodes,bergerjohn@yahoo.com,9/16/2023,Asia
342,Olivia Ortiz,frichardson@hotmail.com,10/3/2023,Asia
343,Brian Avery,harrisolivia@horne-mahoney.org,11/12/2024,North America
344,Katherine Jacobs,robertsonfrederick@yahoo.com,7/23/2024,North America
345,Katrina Grimes,jasonjackson@mcfarland-whitney.com,10/14/2023,North America
346,Heather Baker,joshua84@gmail.com,10/7/2023,Africa
347,Sue Tucker,karla79@pope-allen.com,10/3/2023,Asia
348,Steven Church,smithdale@yahoo.com,6/11/2024,Asia
349,Roger Reed,kallen@gmail.com,10/1/2024,Africa
350,Amy Ayala,nwatkins@hotmail.com,11/12/2023,South America
351,Steven Weaver,ukeller@wilkins.org,2/25/2025,Asia
352,Hannah Williams,walkerrobert@hotmail.com,6/29/2024,Africa
353,Bradley Kirk,juliejones@hotmail.com,11/4/2023,South America
354,Tonya Leon PhD,luis51@yahoo.com,12/25/2024,Asia
355,Mark Bright,juliebarker@yahoo.com,12/18/2024,South America
356,Alexis Wells,kelly78@richardson.com,1/22/2025,Asia
357,Thomas Barrett,zford@yahoo.com,1/13/2024,Africa
358,Joshua Coleman,jennifer89@gmail.com,5/23/2024,Africa
359,Cynthia Williams MD,christopherstewart@fisher.info,3/6/2025,Africa
360,Benjamin Thomas Jr.,martinricky@yahoo.com,8/7/2024,North America
361,James Kidd,gabriellegarcia@perkins-avila.info,11/28/2023,Asia
362,Lindsay Shaw,xsherman@gmail.com,5/9/2023,Europe
363,David Powers,thompsonjulie@hawkins.info,7/25/2024,North America
364,Amy Perry,allisonsalazar@madden.com,5/5/2024,North America
365,Devin Bishop,qnelson@drake.biz,6/5/2023,Europe
366,Tyler Tucker,jking@yahoo.com,8/18/2023,Asia
367,David Jackson II,enash@yahoo.com,9/4/2024,North America
368,Chelsea Quinn,smithtimothy@hotmail.com,5/18/2024,South America
369,Gary Gordon,sean90@brown.com,12/26/2023,Africa
370,Karen Kelley,shanesharp@hurley-novak.com,8/18/2024,Europe
371,Jason Rodriguez,sean97@gmail.com,8/3/2024,South America
372,Stephanie Orr,grayjeffrey@yahoo.com,3/1/2025,Africa
373,Micheal Webster,john53@huynh-salazar.org,1/1/2024,Asia
374,Frank Turner,kharper@long.org,3/6/2025,Europe
375,Javier Lyons,pknight@hotmail.com,12/21/2024,Africa
376,Samantha Wolfe,fmarks@yahoo.com,9/21/2023,Europe
377,Brian Jackson,schaeferlisa@smith.net,5/19/2023,North America
378,Donna Vaughan,ashleyrobert@bishop.com,2/21/2025,South America
379,Brandi Hooper,fergusonveronica@hotmail.com,10/28/2023,North America
380,Patricia Hicks,vcompton@coleman.com,10/28/2023,Asia
381,Patricia Knapp,tramos@tate.com,10/2/2023,Europe
382,Rebecca Berg,andersonmatthew@bolton-lee.com,1/16/2024,North America
383,Stephanie Smith,jacksonkimberly@holland.biz,1/7/2024,South America
384,Thomas White,caroline69@griffin.com,9/6/2023,Africa
385,Matthew Hernandez,eric31@cummings.com,5/3/2023,Africa
386,Patricia Ibarra,ehiggins@barr-robinson.net,10/9/2023,Europe
387,Anna Roberts,patrick94@gmail.com,6/6/2024,Asia
388,Bradley Powell,gonzalezwilliam@swanson-jones.com,4/16/2025,Europe
389,Thomas Davenport,norma56@robinson.com,8/11/2023,North America
390,Glenn Jones,taylortammy@hotmail.com,2/28/2024,Europe
391,Tracy Nelson,teresamaddox@carney-davis.com,8/20/2023,South America
392,Joshua Burton,matthew43@gmail.com,4/20/2024,Europe
393,Lisa Freeman,michael53@hotmail.com,7/19/2023,Africa
394,Sarah Lewis,robert78@gregory-gonzalez.com,5/4/2023,Europe
395,Paul Oneill,william90@short.net,6/29/2024,Asia
396,Miranda Simmons,barbara98@barrera-davis.net,9/15/2023,Asia
397,David Carter,callen@dorsey.com,7/10/2024,North America
398,Brandon Hicks,andrea37@hoffman-ward.com,11/20/2024,Asia
399,Janet Davis,espinozastacey@smith.com,3/6/2024,Europe
400,Daniel Morris,harrisevan@diaz.com,11/30/2024,Asia
401,Kevin Wagner,zmiller@yahoo.com,10/17/2023,North America
402,Whitney Griffith,michaelhensley@yahoo.com,1/20/2025,Africa
403,Ryan Burke,estewart@parker-prince.org,4/14/2024,Europe
404,Christina Mccoy,jacobsanders@gmail.com,12/16/2024,Asia
405,Matthew Phillips,fblack@smith.com,11/2/2024,North America
406,Vincent Howell,sbradley@gmail.com,2/7/2025,Europe
407,Sherry Hernandez,valerie66@lee-jones.com,5/23/2023,South America
408,Timothy Evans,nmitchell@fowler-clark.info,6/12/2023,South America
409,David Smith,penapatrick@rangel.com,9/14/2023,Europe
410,Donald Taylor,gwilliams@yahoo.com,3/11/2025,Asia
411,Christopher Wilson,kellynguyen@gmail.com,12/23/2023,Europe
412,Cindy Cruz,jamesanderson@williams-anderson.net,5/3/2024,Asia
413,Brandon Mendoza,gibbsashley@hotmail.com,10/5/2024,Europe
414,Patricia Arnold,wlane@carter-christensen.com,7/6/2024,North America
415,Catherine Williamson,brett31@rocha.com,12/30/2023,Africa
416,Mary Chen,brookestewart@gmail.com,12/16/2024,Europe
417,Megan Coleman,danahernandez@silva.com,8/8/2023,Asia
418,Christopher Thompson,waltersbeth@walker.info,7/22/2023,Asia
419,Jasmine Hurley,webbbrandon@hotmail.com,10/31/2023,Europe
420,Lisa Perry,owhite@gmail.com,7/31/2024,Africa
421,Jennifer Charles,zross@jones.net,7/22/2023,Europe
422,Randy Collins,lindasoto@white-gordon.com,11/24/2024,North America
423,Mr. Sean Stanton MD,rachelcardenas@hotmail.com,7/10/2023,South America
424,Paula Montoya,lambertbrandon@wood.com,4/21/2024,South America
425,Jocelyn Shaffer,edwardsjorge@gmail.com,2/24/2024,Africa
426,Leslie Anderson,melinda56@gmail.com,11/13/2024,Europe
427,Megan Ponce,jessescott@martinez.com,11/29/2024,North America
428,Angela Robinson,curtischristopher@edwards-goodman.biz,1/25/2025,Asia
429,Rhonda Williams,ubanks@oliver.com,4/28/2024,Africa
430,John Cummings,griffithdeborah@sutton.com,11/5/2023,Europe
431,Michael Carroll,walkermichael@gmail.com,8/12/2023,Europe
432,David Parrish,richardwayne@hotmail.com,2/18/2025,Asia
433,Sara Johnson,timothy38@harris-jones.com,2/21/2025,North America
434,Heather Sullivan,yvonne77@mata.info,1/21/2024,Africa
435,Yvette Park,lewisrichard@walker.com,2/24/2025,Africa
436,Sarah Fowler,crawfordmeghan@woods-miller.org,4/13/2024,Europe
437,Timothy Miller,lorinewton@myers.com,6/10/2024,Asia
438,Whitney Martin,jenniferodom@gmail.com,8/14/2024,Europe
439,Paul King,heidiwood@campbell-terry.com,4/19/2024,Europe
440,Isabella Mcdonald,xwelch@hotmail.com,10/1/2024,South America
441,Bradley Owens,lawrence35@hotmail.com,2/2/2025,Asia
442,Michael Lloyd,vshaffer@roberson.com,7/24/2023,South America
443,Gregory Moore,qware@hotmail.com,1/5/2024,North America
444,Justin Williams,kenneth59@wilcox-benson.com,9/29/2023,Asia
445,Victor Young,fordjaclyn@gmail.com,2/5/2025,Asia
446,Christopher Ballard,thompsonjennifer@yahoo.com,2/21/2025,Europe
447,Michael Martin,ruizmatthew@benton-stewart.com,4/15/2025,Africa
448,Richard Sanchez,ekelley@yahoo.com,8/8/2023,Europe
449,Alexander Miller,smithandrea@yahoo.com,6/15/2023,South America
450,Brian Patel,taylorblack@jones.com,3/21/2025,Europe
451,Joanne Pineda,ambertucker@house.com,2/29/2024,Europe
452,Jeffery Bryan,donna46@weiss-best.net,8/13/2024,Europe
453,Adrian Carr,sandersbrooke@white.org,1/24/2024,Africa
454,Karen Taylor,hineswhitney@pace-webb.com,3/31/2024,Europe
455,Andrew Morrison,alexanderapril@yahoo.com,2/20/2025,Europe
456,Ms. Julie Kelly,littledanielle@gmail.com,7/16/2023,Asia
457,Megan Lynch,prestonheather@harris-bray.org,4/8/2025,North America
458,Tracy Mayer,hansencrystal@cervantes.com,1/31/2024,Africa
459,Scott Elliott,ruizcraig@hamilton.info,2/7/2025,Asia
460,Monica Wright,sdavila@smith.info,9/13/2024,Europe
461,Lauren Mcdaniel,amy55@robertson.com,12/5/2024,South America
462,Lawrence Stark,jgarcia@yahoo.com,4/18/2024,Asia
463,Kimberly Boyd,pweber@hotmail.com,7/13/2024,Europe
464,Renee Carpenter,dbuckley@hotmail.com,8/9/2023,Africa
465,Michael Medina,gary63@yates-brock.com,11/29/2024,South America
466,Alicia Cohen,bowmankevin@hotmail.com,10/10/2024,Asia
467,Monique Keller,boylewilliam@yahoo.com,5/29/2024,South America
468,Pamela Walker,shall@gmail.com,11/3/2024,Africa
469,Bryan Williams,bartonjoanna@jones.com,7/2/2024,South America
470,Keith Castro,udeleon@lloyd.com,8/29/2023,North America
471,Paul Lee,deaton@maxwell.com,7/9/2024,South America
472,Emily Hayes,daniel30@gmail.com,1/9/2025,Asia
473,Joshua Dunlap,andrewturner@harper.com,10/2/2023,Asia
474,David Kennedy,wmcfarland@hale.biz,8/22/2024,Europe
475,Kurt Dickson,ryanmcmillan@taylor.com,9/6/2024,North America
476,Crystal Sullivan MD,marksolis@bartlett.biz,11/7/2024,North America
477,Emily Miller,melissa55@rodriguez.info,8/31/2024,North America
478,Adrienne Ward,reynoldssandra@gay.com,3/3/2024,Europe
479,Robert Wagner,christinewalker@gmail.com,12/25/2023,South America
480,Dr. Luis Martinez,emartinez@hotmail.com,7/3/2024,Europe
481,Christian Lane,eric43@gmail.com,4/16/2024,Africa
482,Chad Wright,monica54@rodriguez.com,2/14/2024,Asia
483,Kristen Young,paul00@green.com,10/1/2023,North America
484,Kimberly Wright,sthomas@yahoo.com,4/8/2024,Africa
485,Alyssa Mccoy,haynesthomas@yahoo.com,11/28/2023,Asia
486,Sara Payne,arthurbaird@hotmail.com,10/4/2024,Europe
487,Roger Johnston,bradleyanna@yahoo.com,4/19/2024,North America
488,Anna Pace,lauren97@hotmail.com,7/2/2023,Asia
489,Tyler Willis,sierra00@morris.com,9/28/2024,North America
490,James Tanner,burtonbridget@flores-daniels.com,10/2/2024,Asia
491,Crystal Pace,sheliawright@myers.com,5/18/2024,Asia
492,Alejandro Acosta,kyle92@espinoza.com,9/16/2024,Asia
493,James Kennedy,hudsonderrick@contreras.info,10/17/2023,Africa
494,Alex Palmer,taylorjohn@yahoo.com,5/15/2023,Europe
495,Timothy Johnson,anna38@hotmail.com,6/12/2023,Africa
496,Adrian Sims,kleinjack@young.com,4/19/2024,Europe
497,William Gill,alexandra88@yahoo.com,10/7/2024,Europe
498,Amy Jacobson,kristingonzales@hotmail.com,8/17/2024,Asia
499,Brian Hayden,kgarcia@gmail.com,2/6/2025,Asia
500,Amanda Davis,simmonslauren@wells.com,7/7/2024,Africa
501,Hayden Perkins,reedvictoria@adams.com,12/13/2023,North America
502,Adam Evans,smithlauren@mason.info,8/25/2023,South America
503,James Higgins,martinchristina@williams.com,7/27/2024,Asia
504,Mark Charles,nicole31@yahoo.com,9/9/2024,South America
505,Angel Owens,twilliams@mcguire.com,11/21/2023,North America
506,Mark Coleman,devinwiley@smith.com,3/20/2025,South America
507,Julian Perez,evansmartin@yahoo.com,3/31/2024,Africa
508,Veronica Obrien,allenamanda@valdez-ellis.info,1/9/2024,Africa
509,Tammy Nguyen,ewilliams@hotmail.com,7/14/2024,North America
510,Dawn Lee,joshua76@kennedy-rubio.net,4/15/2024,Africa
511,Carlos Gomez,alanpatterson@hotmail.com,10/18/2023,Asia
512,Stephen Hunter,swalker@holmes.com,2/22/2025,Asia
513,Samantha Jackson,leeearl@rodriguez.net,2/11/2024,Asia
514,Alan Meyers DDS,xriggs@williams.info,12/7/2024,North America
515,Trevor Taylor,bhernandez@robinson.com,9/27/2023,South America
516,Jose Smith,adamssara@hotmail.com,1/5/2024,North America
517,Cole Nelson,sarah82@curtis.com,5/18/2023,Africa
518,Theresa Williams,lkrause@gmail.com,9/28/2023,Asia
519,Derek Reid,oallen@griffith.com,3/18/2025,Asia
520,Emily Bell,kaitlintravis@yahoo.com,2/16/2025,Asia
521,Paul Lang,jonathan29@hotmail.com,4/22/2025,North America
522,Kelsey Coleman,freemanandrew@yahoo.com,11/11/2023,North America
523,Jeremy Johnson,eoliver@yahoo.com,7/9/2024,South America
524,Dustin Martinez,sanderswanda@kaiser.com,3/2/2024,South America
525,Steven Lopez,matthew69@diaz.com,9/24/2023,North America
526,Brandon Mason,zwilliams@yahoo.com,8/21/2024,Africa
527,Mr. Anthony Alvarado,gomezmatthew@moore.com,7/19/2024,Asia
528,Amy Sims,apearson@yahoo.com,11/17/2024,Africa
529,Andrew Bowers,lawsonmiguel@brown-hodges.com,3/10/2025,Asia
530,Meagan Martinez,benjaminharding@carter.info,9/21/2024,Europe
531,Ryan Moore,john53@liu-ray.com,1/30/2024,Africa
532,Patricia Vincent,priscillagarcia@sanders.com,8/6/2023,Africa
533,Carol Clayton,nataliealexander@yahoo.com,8/12/2023,Europe
534,Heidi Garcia,garywalker@yahoo.com,11/19/2023,South America
535,James Garcia,jeanballard@estrada.biz,2/8/2025,Asia
536,Deanna Hernandez,millerrandall@freeman.info,12/13/2023,North America
537,Philip Khan,david33@rowe.info,5/26/2024,Africa
538,Laura Wilson,treed@sawyer.org,9/7/2024,South America
539,Wendy Dawson,fbeard@hotmail.com,4/23/2023,Asia
540,Alicia Kim,benjamin98@hotmail.com,10/31/2024,Africa
541,Virginia Parsons,martinezkarina@hotmail.com,12/29/2024,North America
542,Kent Young,henrytimothy@williams.com,2/13/2024,South America
543,Danielle Haynes,martinsara@lee.com,8/1/2024,Africa
544,John Parker,michaeldavid@allen.com,8/23/2023,Europe
545,Stephanie Ruiz,fcoffey@todd.com,4/16/2025,Asia
546,Valerie Ross,ryan94@hotmail.com,12/18/2024,Europe
547,Trevor Rogers,dfox@stewart.com,2/17/2025,North America
548,Debbie Jennings,marshchristopher@gmail.com,4/8/2024,Africa
549,April Moody,shernandez@gibson.info,10/30/2024,Africa
550,James Neal,shawdavid@garcia.com,3/1/2024,Asia
551,Emily Russell,earnold@hotmail.com,8/30/2023,Asia
552,Brianna Jones,kimberlyturner@donovan.org,11/12/2023,South America
553,Jose Martin,pottsdaniel@miller.info,10/26/2023,North America
554,Kristin Chambers,kevinking@jones.com,1/11/2025,South America
555,Amy Hale,xjohnson@martinez.info,11/28/2023,Asia
556,Leah Stevens,troy35@yahoo.com,2/18/2025,Asia
557,Ian James,robertoweber@walsh.org,1/13/2025,Europe
558,Melissa Long,tuckerpeter@giles.com,8/27/2023,Europe
559,Joseph Murphy,daledavis@gmail.com,1/12/2024,Asia
560,Donald Brewer,hshah@yahoo.com,3/19/2024,Africa
561,Ashlee Willis,vmccoy@martin.com,2/9/2025,Asia
562,Denise Brown,dorothy02@hotmail.com,6/14/2024,Asia
563,Thomas Sawyer,juliewilliams@ball.com,8/25/2023,North America
564,Maria Huynh,brenda77@sanchez.com,2/27/2025,Europe
565,Cheryl Lowe,gillricardo@hotmail.com,7/28/2023,Europe
566,Billy Ortiz,fzuniga@gmail.com,11/30/2023,South America
567,Robert Ortiz,hollowayerin@mcknight.com,6/1/2024,North America
568,John York,millerbrian@smith-rose.info,6/8/2023,Europe
569,Denise Rice,jamesgentry@bean.biz,5/24/2024,Africa
570,Joy Gonzales,kbarry@hotmail.com,8/7/2024,Africa
571,Levi Ellison,scottbrenda@leach.biz,8/3/2024,Asia
572,Kelly Bullock,austin50@yahoo.com,11/11/2024,North America
573,Kenneth Peterson,normanlisa@gibson.com,12/21/2024,Asia
574,Eddie Parks,eclark@hendrix.com,9/28/2023,Africa
575,Michael Mitchell,michael37@gmail.com,7/2/2024,South America
576,Ashlee Cunningham,andreafarley@yahoo.com,3/3/2025,Africa
577,Leslie Schultz,melaniewallace@gonzalez.info,5/4/2023,Asia
578,Joseph Collins,lwalker@wiley-miller.info,4/21/2024,Africa
579,Jordan Dixon,jeffreyward@patterson.net,8/4/2024,Europe
580,Mary Sims,andrewcole@ferguson-huffman.com,2/28/2024,South America
581,Anthony Rich,dawn29@yahoo.com,2/25/2024,Asia
582,Peter Dalton,dianasuarez@maxwell.org,9/21/2023,South America
583,Jessica Taylor,pwilliams@johnson.com,10/11/2023,North America
584,Amy Wolfe,tmcdaniel@stephens.com,3/4/2024,Africa
585,Roy Martin,nwilson@jacobs.com,6/12/2023,Asia
586,Megan Clark,khanson@yahoo.com,6/17/2024,Asia
587,Francisco Woods,scottbarbara@bautista.org,11/4/2024,North America
588,Kenneth Barber,jacksonsydney@kennedy.com,5/6/2024,South America
589,Kimberly Reilly,zrojas@yahoo.com,12/4/2023,Asia
590,Kelly Williams,charles02@olson.net,2/16/2024,South America
591,Monica Price,acevedovictor@hotmail.com,1/27/2025,South America
592,Bethany Bond,crosbyseth@tucker-garcia.biz,7/8/2024,Africa
593,Kevin Montoya,wattsveronica@miller-washington.org,1/16/2024,Asia
594,Kristen Weaver,umeyer@hotmail.com,11/11/2024,Europe
595,Leonard Martinez,carriewebster@yahoo.com,8/4/2024,Europe
596,Margaret Wells,johnsonkeith@yahoo.com,11/26/2024,North America
597,Angela Daniels,espinozaandrew@hotmail.com,2/6/2025,North America
598,Matthew Mullen,gorozco@sanders.biz,9/7/2024,Asia
599,Jessica Valenzuela,estokes@santiago-anderson.com,11/28/2024,Europe
600,Kim Lawson,courtney54@curry.com,6/12/2024,South America
601,Jason Butler,roy03@stevens.com,3/22/2024,Africa
602,Thomas Bowen,david66@hotmail.com,7/10/2024,Europe
603,Mrs. Melissa Cardenas,emorgan@yahoo.com,9/8/2024,Africa
604,Paul Yang,staceyconley@guerrero-williams.net,1/18/2024,Africa
605,Sandra Garcia,debra78@lee.org,7/16/2024,Africa
606,Walter Walker,ricky83@kramer.com,10/23/2023,Europe
607,Marissa Harrington,xcervantes@hotmail.com,2/15/2024,Europe
608,Loretta Lawrence,danielmartinez@lewis-conner.net,4/8/2024,North America
609,Benjamin Walker,robert76@parker-cole.com,10/30/2023,Africa
610,Debra Barnett,antonio38@gmail.com,5/28/2024,North America
611,John Wilson,charles28@yahoo.com,4/4/2025,Africa
612,Claudia Brown,ipark@yahoo.com,9/10/2024,South America
613,Tracy Martin,jacqueline33@vasquez.info,11/10/2023,Africa
614,Margaret Marks,jeffrey94@yahoo.com,1/22/2024,Asia
615,Matthew Perry,julie82@yahoo.com,12/7/2024,South America
616,Sheri Brennan,paul65@hotmail.com,3/11/2025,Asia
617,Carl Atkins,sibarra@hotmail.com,10/2/2024,Asia
618,Logan Russell,leecampbell@thomas.net,6/6/2024,Asia
619,Ashley Wilson,kristine95@ford.com,4/16/2025,Africa
620,Randy Greene,cjones@stevens.com,1/12/2025,North America
621,Jennifer Miller,egardner@yahoo.com,1/11/2024,Europe
622,Paul Atkinson,gmorales@jackson.com,1/7/2025,Africa
623,Edward Rubio,leslie13@yahoo.com,1/12/2025,Africa
624,Paul Salas,brewerbobby@baird-miller.com,1/28/2024,South America
625,Daryl Willis,jeffrey16@hotmail.com,10/26/2023,North America
626,Kimberly Webb,bowersvictoria@yahoo.com,9/15/2023,North America
627,Alexis Henry MD,fsimmons@yahoo.com,3/28/2025,Europe
628,Spencer Pearson,williamszachary@aguilar.org,11/28/2024,North America
629,Melissa Cook,harrisnancy@lewis.info,11/11/2023,South America
630,Crystal Hill,miguel69@gmail.com,10/18/2024,South America
631,Michael Anderson,martintheresa@jones.com,2/15/2025,Europe
632,Lauren Hill,longedgar@gmail.com,10/28/2024,North America
633,Ivan Wise,qowen@campbell-andrews.org,8/15/2023,North America
634,Mariah Webb,kaufmanjennifer@wood.info,1/24/2024,North America
635,Christina Goodwin,reidbryan@owens.com,7/8/2023,North America
636,Mark Roberts,hamiltonangela@gonzalez-burnett.org,3/1/2025,Europe
637,Matthew Hanson,samuelbrown@hotmail.com,11/12/2023,South America
638,Nicholas Young,browneugene@yahoo.com,8/11/2024,South America
639,William Mclaughlin,samantha71@hotmail.com,1/7/2024,Asia
640,Meagan Weber,llopez@haynes.org,7/14/2023,South America
641,Gail Wallace,suzanne92@hotmail.com,10/19/2023,Asia
642,Scott Gibson,vjohnston@gmail.com,8/6/2024,Africa
643,Mr. Steven Mills,uward@gmail.com,6/29/2023,Africa
644,Debbie Cardenas,fphillips@gmail.com,5/24/2024,Europe
645,John Fischer,donnahowell@hotmail.com,12/13/2024,North America
646,Richard Ruiz,stephaniemorgan@yahoo.com,2/2/2025,South America
647,Jeffery Conner,stanley35@hotmail.com,2/6/2024,North America
648,Matthew Perez,parkralph@thompson-poole.com,4/7/2025,Africa
649,Andrea Luna,debbie09@yahoo.com,7/23/2023,Africa
650,Abigail Lawson,kimberly84@gmail.com,11/18/2023,South America
651,Nancy Nelson,kimberlycox@hotmail.com,3/6/2025,Africa
652,Christie Martin,aprilmay@gmail.com,9/17/2024,North America
653,Sean Barajas,mbutler@yahoo.com,7/3/2023,Europe
654,Michelle Jackson MD,lorigarcia@franco.com,7/31/2023,South America
655,Christopher Williams,cbarker@hughes.com,8/26/2024,Asia
656,Daniel Richardson,molinachad@reyes-cowan.org,8/11/2024,Europe
657,Kelsey Stewart,wdouglas@hotmail.com,8/17/2024,South America
658,James Campbell,wstevenson@vasquez.org,12/19/2024,Europe
659,Kristin Garcia,angelarobinson@underwood.com,3/8/2024,North America
660,Amy Williams,david94@gmail.com,6/18/2023,Asia
661,Susan Rivas,gillespielisa@hotmail.com,5/26/2024,Asia
662,Joseph Mayer,luis10@gmail.com,4/11/2025,North America
663,Heather Watson,stephanie20@riley.com,4/11/2024,Europe
664,Donald Guzman,mackenzie88@davis.com,12/21/2024,Europe
665,Cynthia Thompson,james71@anderson-ryan.biz,9/1/2024,North America
666,Michael Reese,janetschneider@gmail.com,1/10/2025,Africa
667,Stephanie Morgan,amygutierrez@yahoo.com,11/22/2024,North America
668,Tanya Hubbard,chentracy@gonzalez-lamb.biz,7/15/2023,Asia
669,James Price,nicolas73@sanford.net,5/28/2023,Asia
670,Victor Villa,john74@anderson.biz,7/6/2024,Asia
671,Cassandra Guzman,peter90@ramos.info,11/1/2023,Europe
672,Michael Baker,amanda39@gmail.com,12/5/2023,Asia
673,Joshua Brown,perkinslaura@munoz.org,11/21/2024,South America
674,Megan Moore,russell39@romero-caldwell.net,8/2/2024,Europe
675,Charles Newton,montgomerykatherine@gmail.com,8/28/2024,Africa
676,Matthew Rivera,delgadoomar@yahoo.com,8/7/2024,Europe
677,Scott Garrett,melissa45@le-knight.org,4/15/2025,North America
678,Kimberly Preston,matthew45@delgado-barrett.com,4/19/2025,Asia
679,Thomas Curtis,austinstephanie@cook-golden.com,12/8/2023,South America
680,Crystal Mathis,allison80@bowen.com,5/11/2023,North America
681,Frank Mcconnell,jenniferchavez@yahoo.com,7/15/2024,South America
682,Alexa Callahan,bowersnancy@hotmail.com,6/3/2024,Asia
683,Stacy Guzman,saunderskevin@hotmail.com,8/24/2023,Asia
684,Terry Wiggins,leedavid@hotmail.com,1/28/2025,Europe
685,Kathleen Mcconnell,josephbrittany@gmail.com,8/3/2023,Africa
686,Casey Reilly,christinasnyder@hotmail.com,12/28/2024,Asia
687,Anthony Pena,zward@kelley.com,12/12/2023,Africa
688,Earl Thornton,molly38@gmail.com,7/8/2024,South America
689,David Butler,nicolegeorge@ayers-rodgers.biz,5/14/2023,South America
690,Ryan Warren,sweeneykyle@young.com,4/13/2025,Africa
691,Michael Hill,geraldeaton@donaldson.biz,3/2/2025,Asia
692,David Sanford,rhodesrenee@gmail.com,3/15/2024,Asia
693,Raymond Carr,cmartin@sawyer-nguyen.info,8/15/2023,South America
694,Matthew Herrera,amy96@berger.com,1/12/2025,Europe
695,Amber Humphrey,lindsay09@gmail.com,3/30/2025,North America
696,Monica Nelson,ashleymorales@hotmail.com,1/22/2025,Europe
697,Tamara Jones,ncox@sullivan-brown.biz,4/10/2024,Africa
698,Nathan Wilson,danielmurphy@lopez.com,1/24/2024,South America
699,Austin Caldwell,thomas09@morrison.net,5/27/2023,South America
700,Courtney Smith,rwhite@montes-delgado.com,7/16/2023,Africa
701,Daniel Mccarty,debra50@brooks.com,12/6/2023,South America
702,Lindsay Johnson,rrodriguez@coleman-rice.com,7/2/2023,Europe
703,Laura Thompson,ronald64@wang-price.com,7/10/2024,Africa
704,Sierra Schwartz,langclayton@robinson.net,11/14/2023,Asia
705,David Taylor,mrasmussen@young-stewart.com,8/22/2023,Europe
706,Aaron Cruz,david67@baker.org,2/25/2024,South America
707,Jaime Montgomery MD,shari69@braun-stone.info,9/8/2024,Africa
708,Eric Beck,stephenrandolph@armstrong.com,11/2/2023,North America
709,Lacey Bray,mary79@gmail.com,8/26/2024,South America
710,Jennifer Lloyd,roberttaylor@good-villanueva.com,2/24/2025,Europe
711,Robert Hunt,jamesparker@walker.com,1/17/2024,Asia
712,Samantha Norris,robertcallahan@rosales.org,10/19/2023,South America
713,Joseph Lewis,victoria24@diaz-baldwin.com,4/19/2025,Africa
714,Robert Guzman,sjones@martinez.com,4/13/2025,North America
715,Dawn Evans,samanthascott@davidson.net,7/21/2024,North America
716,Adam Martinez,ccobb@hotmail.com,8/21/2023,Asia
717,Mark West,awang@wilson-smith.biz,6/13/2024,North America
718,Johnathan Bauer,sandovalsheila@schwartz.com,4/10/2024,South America
719,Julie Gilbert,jessica62@gmail.com,6/9/2024,South America
720,Stanley Ramos,fdelacruz@rogers-serrano.com,9/3/2023,Europe
721,Jimmy Gray,michael68@yahoo.com,9/24/2024,Europe
722,Christine Dawson,arios@hotmail.com,11/4/2023,South America
723,Zachary Johnson,turnermary@knight.com,10/22/2024,North America
724,Michael Green,christophergomez@whitney.com,12/23/2024,Africa
725,Matthew Villegas,kellyjoseph@cannon.com,1/6/2025,Asia
726,Rebecca Gutierrez,haley08@gmail.com,4/30/2023,Africa
727,Justin Lawson,millerpatrick@hotmail.com,12/3/2023,North America
728,Kristin Ellis,torrespatricia@reed.info,10/3/2024,Africa
729,Teresa Nelson,sarahodom@hotmail.com,3/30/2025,Africa
730,Steven Fernandez,katherineburnett@hotmail.com,3/2/2024,Europe
731,Nancy Allen,kendraroberts@gmail.com,8/15/2023,Asia
732,Jean Cunningham,kaylee61@yahoo.com,11/17/2024,Africa
733,Angela Guerrero,evansrachel@morris-blake.com,9/29/2024,Asia
734,Bernard Garner,markthompson@wells.com,10/31/2024,Asia
735,Nicholas Morris,swilliams@hotmail.com,11/17/2023,Asia
736,Christopher Martin,yholmes@gmail.com,11/14/2023,Europe
737,Jennifer Cordova,millerrobert@yahoo.com,10/24/2024,Asia
738,Amy Nelson,kelleyeric@hotmail.com,8/13/2024,Africa
739,Charles Hernandez,kelsey63@gmail.com,7/2/2024,Europe
740,Deborah Mccormick,norrisjeff@gmail.com,10/17/2023,Asia
741,Crystal Taylor,lunamary@hotmail.com,11/20/2023,South America
742,Tammy Adams,phillipmcgee@banks.com,12/5/2023,North America
743,Nicole King,henry35@yahoo.com,8/14/2024,Europe
744,Laurie Frost,fduncan@rogers-mclean.org,7/5/2024,Europe
745,Samantha Daniel,ctaylor@anderson.net,7/22/2024,North America
746,Kelly Graham,martinezbailey@gmail.com,3/12/2025,Africa
747,James Stewart,porterbenjamin@gmail.com,5/29/2024,North America
748,Ebony Lambert,kenneth11@hotmail.com,12/26/2024,Asia
749,Ashley Williams,rhodeselizabeth@gmail.com,3/31/2025,Asia
750,Sara Collins,nperez@hill.com,1/26/2024,North America
751,Rachel Hammond,umckenzie@yahoo.com,5/10/2024,Europe
752,Teresa Ramos,nelsonamy@hotmail.com,6/14/2023,North America
753,Brenda Martin,nicolephillips@medina-allison.com,11/18/2024,South America
754,Heather Simmons,emiller@gmail.com,7/16/2024,Asia
755,Julian Frey,molinatara@lynch-blackwell.com,2/17/2024,Europe
756,Tracy Smith,christopher12@hotmail.com,10/18/2023,Europe
757,Brian Chen,bjoseph@gmail.com,5/19/2024,Africa
758,Gina Cross MD,michael66@blair-gomez.com,3/15/2025,Europe
759,Katherine Mooney,willie67@dyer-mann.com,7/2/2024,Africa
760,Michael Hall,jessica34@yahoo.com,11/1/2024,South America
761,Rebecca Stewart,xrodriguez@holden.com,12/23/2024,Asia
762,Krista Tucker,christopher13@hotmail.com,8/31/2023,North America
763,Thomas Ortiz,pmartin@clark-baker.net,1/13/2024,North America
764,Robert Pratt,jamie72@yahoo.com,12/7/2024,Asia
765,Kenneth Ray,williamcummings@gmail.com,1/14/2025,Asia
766,Ryan Gomez,raysusan@gmail.com,6/15/2024,Europe
767,James Bennett,valerieneal@yahoo.com,9/10/2024,Europe
768,Marisa Doyle,nicole30@mercado-barnes.com,1/26/2025,North America
769,Alexa Lopez,jcruz@gmail.com,10/24/2023,Africa
770,Marc Nelson,wmeyers@pratt.com,4/12/2025,Africa
771,Carla Wilson,shanemoore@smith.com,8/15/2023,Europe
772,Casey Jones,ramirezleslie@gmail.com,8/29/2023,Africa
773,Michael Schwartz,lcontreras@gmail.com,10/23/2023,North America
774,Mary Caldwell,qnewton@taylor.org,2/24/2025,Europe
775,Angela Washington,susanhill@yahoo.com,3/10/2025,South America
776,Jennifer Mercado,wendyhale@gmail.com,6/23/2024,North America
777,Margaret Henry,wilcoxmichelle@taylor-long.com,2/10/2024,North America
778,Michael Dickerson,madison57@brown-cabrera.net,10/2/2023,North America
779,Elizabeth Clark,ijackson@gmail.com,9/13/2024,Africa
780,Andrew Gilmore,upeters@cooper.org,8/5/2024,Europe
781,Jordan Sanders,dvincent@wilson.com,8/3/2024,Europe
782,Travis Acosta,shanenguyen@hotmail.com,7/31/2024,Europe
783,William Lee,morganwilson@lynch-gray.com,11/22/2023,Asia
784,Michael Williams,yvelazquez@yahoo.com,6/1/2024,South America
785,Richard Barajas,vanessawilliams@meza.com,1/15/2025,Europe
786,Michelle Tran,ashleyguerra@hotmail.com,2/27/2024,Africa
787,Justin Williamson,catherinecervantes@yahoo.com,10/7/2024,Europe
788,Belinda Martinez,leonardwhite@alvarado.info,7/20/2023,Africa
789,Sandra Moore,rjones@thompson.info,11/1/2023,North America
790,Bridget Boyd,tammy35@randolph-lewis.com,9/5/2024,Europe
791,Keith Patterson,mcooke@kramer.com,10/18/2024,South America
792,Patricia Miller,owatson@burke.com,8/19/2023,Africa
793,Ronald Rodriguez,herringchad@gmail.com,9/23/2023,North America
794,Mary Phillips,anthony85@gmail.com,2/5/2025,South America
795,Gloria Evans,fullerdavid@gmail.com,11/30/2023,North America
796,Barbara Wiggins,jonathan44@wilson.biz,7/17/2024,North America
797,Daniel Bryant,fkennedy@gmail.com,1/27/2025,Africa
798,Sean Lee,douglas66@yahoo.com,8/19/2023,Africa
799,David Flores,tvaldez@nichols.com,3/31/2024,Africa
800,Lisa Dougherty,susan44@yahoo.com,6/5/2023,South America
801,George Fernandez,hayesedwin@hotmail.com,10/6/2024,Europe
802,Nathan Smith,christopher50@pace-simmons.com,7/27/2024,Africa
803,Daniel Powell,cvega@rodgers-smith.com,10/8/2023,North America
804,Janice Nicholson,harringtonapril@gmail.com,3/20/2025,Africa
805,Jeremy Greene,ericgarrett@davis.com,7/11/2024,North America
806,Justin Pratt Jr.,kreed@gmail.com,12/4/2024,North America
807,Lindsey Caldwell,robertskendra@hotmail.com,3/31/2024,South America
808,Timothy Roberts,daniel39@yahoo.com,1/4/2024,Asia
809,Angela Hunt,jessicawells@merritt.com,8/29/2024,North America
810,Lee Miller,yaguilar@yahoo.com,3/27/2025,Africa
811,Anthony Cole,krice@gomez.com,12/15/2024,Europe
812,Alexander Herrera,perezrobert@robertson.com,4/9/2024,Asia
813,Antonio Patel,cynthiawashington@hotmail.com,12/15/2024,Europe
814,John Robles,opham@gmail.com,11/16/2023,Africa
815,Erica Hall,lawrencegreen@yahoo.com,4/30/2024,Europe
816,Nicole Gibson,kmiller@gmail.com,7/20/2024,Europe
817,David Rodriguez,rlopez@yahoo.com,12/10/2024,North America
818,Rhonda Roy,cody95@rodgers.com,7/5/2024,Africa
819,Michael Bennett,jonesann@blanchard-smith.com,4/28/2024,South America
820,Christopher Rodriguez,deborah33@hotmail.com,3/26/2025,Africa
821,Victoria Patterson,mwiggins@byrd-richardson.com,7/12/2024,Africa
822,Mark Vasquez,kathryngraham@yahoo.com,7/28/2024,South America
823,Brian Mckay,stephanie63@gmail.com,1/17/2024,Europe
824,Cassandra Brennan,pharris@hotmail.com,10/27/2024,Europe
825,John Morales,robertcase@gibson.org,10/13/2024,South America
826,Adam Carlson,connor57@gmail.com,2/4/2024,Europe
827,Mr. Gregory Coleman,lynn56@wright-fisher.net,3/21/2024,South America
828,James Green,michaelroth@yahoo.com,9/28/2024,South America
829,Julie Lee,anthonyjennings@clements.com,10/5/2023,North America
830,Tyler Bird,dwilliams@gmail.com,11/29/2023,North America
831,Shane Monroe,sarah62@mitchell.com,7/22/2023,Europe
832,Teresa Skinner,usnow@yahoo.com,7/13/2023,South America
833,Sarah Dyer MD,sarah01@hotmail.com,1/30/2025,North America
834,Aaron Jones,bfaulkner@hodges.com,9/19/2023,Europe
835,John Howell,lucasjessica@cruz.com,3/20/2025,Europe
836,Amy Hood,johnsonnicholas@yahoo.com,10/21/2023,South America
837,Jennifer Travis,jillian01@page.biz,9/8/2024,Asia
838,Nancy Frost,hchase@yahoo.com,5/18/2023,Africa
839,Tracy Adams,iramirez@yahoo.com,12/10/2024,Europe
840,Christopher Weber,pricestephanie@gmail.com,4/16/2024,Asia
841,Jonathan Henderson,mosborn@cook-campbell.org,2/11/2024,North America
842,William Bradford,spencerleah@atkins.info,3/4/2025,North America
843,Jared Strong,kyoung@gmail.com,8/4/2024,Asia
844,Nicole Luna,hjames@hotmail.com,11/2/2023,Asia
845,William Berger,whiteamy@hotmail.com,8/21/2024,North America
846,Marcus James,moniquewebster@hotmail.com,11/1/2023,Asia
847,Cassie Harris,collinsspencer@shaw.org,9/9/2024,Africa
848,Steven Brown,brandy86@gmail.com,6/20/2024,Europe
849,Kenneth Carlson,dawn02@gmail.com,3/31/2025,Africa
850,Brandon Johnson,jacquelineparker@foster.com,10/29/2024,South America
851,Allison Whitaker,kimwheeler@ross.com,5/10/2023,Africa
852,Mary Brown,samanthamoore@gmail.com,8/4/2024,Europe
853,Meagan Smith,sweeneywendy@dunn-scott.com,2/22/2024,Africa
854,Jeffrey Quinn,zclark@tucker.com,5/19/2023,North America
855,John Anderson,kathryn29@jackson.com,3/17/2024,South America
856,Nicole Gomez,coxcasey@clark.info,11/7/2023,Europe
857,Jose Neal,qmckee@gmail.com,3/21/2024,South America
858,Tony Carter,ibarrachad@yahoo.com,7/23/2023,Asia
859,Stacey Bell,victormurphy@brooks.info,5/21/2024,Africa
860,Samantha Mills,james79@mcmillan-allen.net,4/13/2024,Europe
861,Mark Foster,joseph00@rogers-wright.com,8/25/2023,North America
862,Deborah Adams,kyle87@gmail.com,8/31/2023,North America
863,Jamie Long,nicolemiller@waters.org,8/11/2024,Africa
864,Kimberly Anderson,xlevy@russell.com,6/7/2023,Asia
865,Robert Wilkins,dana70@gmail.com,7/26/2024,Asia
866,Brady Gomez,richardmiddleton@gmail.com,12/11/2023,Asia
867,Mary Rodriguez,pball@richard.info,1/16/2024,Europe
868,Monique Trevino,kennedymary@davis.org,4/1/2024,Africa
869,Jake Santiago,fernandezcarl@yahoo.com,9/20/2023,Africa
870,Ethan Park,cjohnson@mendoza.info,4/30/2024,North America
871,Jeremy Brown,josephbailey@hotmail.com,11/12/2024,Europe
872,Erica Robinson,smithbecky@yahoo.com,6/4/2023,Asia
873,Jennifer Wilkerson,benjamin67@hotmail.com,2/18/2024,Asia
874,Scott Cardenas,nelsonjonathan@gmail.com,11/7/2023,Africa
875,Sarah Orozco,meganowens@yahoo.com,10/3/2023,South America
876,Courtney Horn,thomasdavid@hunter.org,7/2/2023,North America
877,Christopher Chavez,joy60@hotmail.com,3/24/2024,Europe
878,William Boyd,laurensheppard@garcia.com,3/3/2025,North America
879,Carrie Gonzalez,henrykelly@hotmail.com,7/17/2023,North America
880,Amy Johnson,fwright@dominguez.com,5/29/2023,Asia
881,Amy Murray,paul40@gmail.com,3/17/2025,North America
882,Lauren Ramos,griffinkatelyn@grant-brooks.com,4/13/2025,Africa
883,Roberta Smith,jerry82@yahoo.com,2/24/2024,North America
884,Ralph Gibbs,amckenzie@gmail.com,5/19/2024,South America
885,Adrian Harris,foxmonica@gmail.com,3/5/2025,Africa
886,Kevin Sullivan,sandersmonique@miller.biz,12/15/2024,Europe
887,Kathryn Burke,christophernolan@diaz-robertson.com,10/30/2024,Asia
888,Belinda Nelson,alexbautista@lewis-smith.com,6/4/2024,Europe
889,Corey Moore,justinpierce@wells-johnson.net,11/8/2023,Africa
890,John Richardson,sheltonkarina@miller-jimenez.com,2/17/2024,Europe
891,Denise Mcdonald DVM,dpoole@graves-best.info,8/5/2023,Europe
892,Sara Herrera,bpham@davis.com,2/12/2025,North America
893,Matthew Roach,lopezchristina@gmail.com,3/20/2024,Asia
894,Jacob House,ffranklin@roy.com,3/19/2024,Asia
895,Gabriel Golden,stephanie54@keller.com,4/20/2024,North America
896,William Sullivan,qdavis@hotmail.com,9/19/2023,Asia
897,Gary Cruz,margaret87@hotmail.com,8/26/2023,North America
898,Tracy Kemp,tamara04@stone-gould.com,8/6/2023,North America
899,Jeremy Wagner,jacqueline16@anderson.com,1/22/2025,Africa
900,Julie Short,athomas@hayes.net,9/4/2023,Asia
901,Ashley Martin,alanpatton@king-quinn.biz,1/18/2024,Africa
902,Olivia Simpson,marcus44@skinner.net,10/23/2024,Asia
903,Rachel Watkins,maysalisha@joseph.com,10/9/2024,Asia
904,Melissa Chavez,barrettbradley@evans.com,10/21/2023,North America
905,Eric Ortiz,maria83@compton.biz,1/12/2025,North America
906,Edward Perez,jennifermolina@gmail.com,11/7/2023,Europe
907,Jennifer Johnson,pcoleman@rivera.com,4/25/2024,Europe
908,Laura Hutchinson,waynemorales@hotmail.com,12/29/2023,South America
909,Tammy Nguyen,gomezjeffrey@bridges.com,3/27/2025,South America
910,Katie Rhodes,kellywagner@yahoo.com,8/16/2023,Asia
911,Jessica Santiago,khall@yahoo.com,10/15/2023,Europe
912,Timothy Williams,shannon61@owens-aguirre.net,12/3/2023,South America
913,Melissa Brown,murraybenjamin@hotmail.com,3/22/2024,Africa
914,Steven Rios,pberry@mason.com,7/14/2023,North America
915,Sharon Smith,katherinecisneros@hotmail.com,9/26/2023,Africa
916,Sheila Davis,uallen@yahoo.com,10/8/2023,Africa
917,Linda Long,erin83@davis-anderson.com,12/5/2023,Africa
918,Diane Parsons,connerjeremy@gmail.com,9/26/2023,Europe
919,William Mcclure,hubbardmatthew@gould-hunter.net,7/16/2024,Europe
920,Jonathan Craig,mrivera@howell.biz,10/12/2024,North America
921,Deborah Carter,brandynelson@edwards.org,7/10/2024,Africa
922,Joshua Gross,andrew33@yahoo.com,11/18/2023,Asia
923,Alicia Welch,susan43@yahoo.com,5/4/2024,North America
924,Joshua Velasquez,dawn59@martin.com,11/5/2024,South America
925,Deborah Mullins,vdavis@hotmail.com,4/5/2025,South America
926,Adam Robbins,wcarrillo@jackson.com,1/22/2025,Asia
927,Samantha Graham,johnbrown@johnson.com,11/4/2023,South America
928,Jacqueline Elliott,burchkeith@walters.com,6/19/2024,Europe
929,Craig Nelson,adam72@gmail.com,9/5/2023,South America
930,Kim Soto,mrose@shelton.com,2/6/2025,Africa
931,Morgan Hill,jolson@parker-yang.net,9/2/2024,Africa
932,Paul Jones,hunttrevor@gmail.com,10/15/2023,Asia
933,William Williams,eperez@yahoo.com,7/1/2023,Africa
934,Amanda Shepard,anna75@gmail.com,4/21/2025,South America
935,Brent Wells,michelle59@hotmail.com,9/3/2023,Asia
936,Tony Vega,sarasutton@gmail.com,5/9/2023,Africa
937,Joel Powell,elizabeth59@smith.com,12/30/2023,North America
938,Jennifer Castro,tara39@johnson-watkins.com,12/29/2023,North America
939,Kenneth Valdez,jamie76@yahoo.com,10/13/2024,North America
940,Lance Campbell,hjones@hotmail.com,7/17/2024,Europe
941,Shawn Jones,bwinters@gonzalez.com,3/23/2024,South America
942,Monica Taylor,charleneanderson@singh.org,2/4/2024,South America
943,Sandy Smith,walkerkari@rodriguez-garcia.com,12/10/2024,Africa
944,Christina Hamilton,cameronsharp@garrison.com,6/25/2023,Africa
945,Carol Roberts,shaun51@gmail.com,9/25/2024,Asia
946,Rebecca Butler,smithangela@black-larson.com,6/26/2023,Asia
947,Francisco Douglas,robin76@turner.biz,3/8/2025,North America
948,Megan Scott,bburke@yahoo.com,7/21/2024,North America
949,Sandra Stevens MD,uwright@boyd.com,9/12/2024,South America
950,Bradley Allen,nvalentine@white.biz,2/17/2025,North America
951,Samantha Kennedy,cvazquez@gmail.com,5/13/2024,North America
952,Tiffany Brown,schroedercollin@yahoo.com,1/22/2024,Asia
953,Karen Dickson,peterbailey@hotmail.com,2/20/2025,Asia
954,Mary Bowen,kwilliams@adams.biz,1/9/2024,North America
955,Sean Schroeder,navarroclinton@yahoo.com,2/20/2025,Africa
956,Juan Wilson,stewarttanya@jones.com,9/25/2024,North America
957,Dennis Marsh,erinwhite@miller.biz,1/1/2025,Asia
958,Kimberly Long,donnaflores@estrada.biz,11/27/2023,Asia
959,Joseph Lopez,robert99@moore.com,5/4/2024,North America
960,Ashlee Shelton,vgregory@gmail.com,10/14/2023,Asia
961,Benjamin Harding,danielschultz@yahoo.com,11/14/2024,Europe
962,Matthew Skinner,ypierce@perkins.com,10/10/2023,North America
963,Shelby Ramirez,ricemark@morgan-wilson.com,5/29/2023,Asia
964,Holly Morton,villarrealdaniel@harris.com,12/16/2023,South America
965,Timothy Arnold,valenzuelabrian@gmail.com,3/8/2025,Asia
966,Jeffrey Simmons,jamesfrench@sosa.biz,4/26/2023,Europe
967,Jaime Price,hughesjack@allen-koch.org,9/9/2024,Africa
968,Jamie Cunningham,victoria74@martinez.net,1/31/2025,North America
969,Christine Bennett,bharris@shaw.com,1/30/2024,Europe
970,Deborah Bell,james04@townsend-christian.com,6/24/2024,South America
971,Janet Mcdonald,zsweeney@gordon-smith.org,8/1/2024,South America
972,Taylor Wolfe,ryan76@gmail.com,3/15/2024,Asia
973,Meghan Whitaker,cynthia91@kim.com,1/11/2024,North America
974,Christopher Vasquez,berrytiffany@yahoo.com,3/12/2025,South America
975,Melissa Brown,bryanthomas@yahoo.com,2/14/2025,Asia
976,Christopher Cohen,mitchellholden@matthews.info,4/7/2025,North America
977,Autumn Costa,ptucker@yahoo.com,8/29/2023,Africa
978,Steven Lewis,zhamilton@gmail.com,3/28/2025,South America
979,Molly Burke,rebecca20@gmail.com,10/28/2024,North America
980,James Hudson,nmorales@hotmail.com,11/20/2024,Asia
981,Brandy Harrison,lori44@yahoo.com,6/8/2024,Asia
982,Sherry Chandler,pparks@martinez-ortiz.org,5/30/2024,Europe
983,Mr. Austin Morton Jr.,angelawilliams@hotmail.com,9/4/2023,Asia
984,Trevor Krueger,timallen@james.com,2/9/2025,Asia
985,John Brown,holly83@yahoo.com,2/19/2024,Asia
986,Ashley Webb,mindy75@yahoo.com,12/16/2024,Africa
987,Fernando Johnson,penadawn@lane.com,9/6/2024,Europe
988,Bradley Gutierrez,mgraves@gmail.com,2/22/2024,North America
989,Katherine Soto,molinajohnny@hotmail.com,4/17/2024,Europe
990,Olivia Arias,alexisparker@gmail.com,12/2/2024,Asia
991,Dennis Armstrong,ysmith@gmail.com,11/25/2023,Africa
992,Elizabeth Knight,heather06@gmail.com,2/2/2025,North America
993,Michelle Brown,huffstephanie@clements.com,2/18/2025,Africa
994,Cole Good,davidalexandra@delgado.com,3/19/2025,Europe
995,Nicholas Hancock,millermicheal@collins.info,10/17/2024,North America
996,Nancy Horton,williamsvanessa@ewing.biz,8/28/2024,North America
997,Jonathan Mahoney,johnmoore@yahoo.com,9/3/2024,North America
998,Sarah Stewart,ecuevas@hotmail.com,4/20/2025,South America
999,William Miller,millerkyle@gilbert.org,1/26/2025,Africa
1000,William Miller,juarezdiane@blair-flynn.com,10/2/2024,Europe
